<?xml version="1.0" encoding="UTF-8"?>
<!DOCTYPE suite SYSTEM "https://testng.org/testng-1.0.dtd">
<suite name="Suite" parallel="methods">
<parameter name="username" value="demosalesmanager"></parameter>
<parameter name="password" value="crmsfa"></parameter>
  <test thread-count="5" name="Test" verbose="5" parallel="methods">
    <classes>
      <class name="week5.Day1.CreateLead"/>
      <class name="week5.Day1.EditLead"/>
    </classes>
  </test> <!-- Test -->
</suite> <!-- Suite -->
